620,0
621.08125,-0.000258056
622.1625,-0.000508015
623.24375,-0.000749907
624.325,-0.00098376
625.40625,-0.001209604
626.4875,-0.001427468
627.56875,-0.001637381
628.65,-0.001839373
629.73125,-0.002033472
630.8125,-0.002219707
631.89375,-0.002398107
632.975,-0.002568701
634.05625,-0.002731518
635.1375,-0.002886585
636.21875,-0.003033933
637.3,-0.003173588
638.38125,-0.003305581
639.4625,-0.003429938
640.54375,-0.003546688
641.625,-0.00365586
642.70625,-0.003757482
643.7875,-0.003851581
644.86875,-0.003938186
645.95,-0.004017325
647.03125,-0.004089025
648.1125,-0.004153314
649.19375,-0.00421022
650.275,-0.004259771
651.35625,-0.004301994
652.4375,-0.004336917
653.51875,-0.004364567
654.6,-0.004384971
655.68125,-0.004398158
656.7625,-0.004404153
657.84375,-0.004402985
658.925,-0.00439468
660.00625,-0.004379265
661.0875,-0.004356768
662.16875,-0.004327215
663.25,-0.004290633
664.33125,-0.004247048
665.4125,-0.004196489
666.49375,-0.00413898
667.575,-0.004074549
668.65625,-0.004003222
669.7375,-0.003925026
670.81875,-0.003839986
671.9,-0.00374813
672.98125,-0.003649483
674.0625,-0.003544072
675.14375,-0.003431922
676.225,-0.00331306
677.30625,-0.003187512
678.3875,-0.003055303
679.46875,-0.002916459
680.55,-0.002771007
681.63125,-0.002618971
682.7125,-0.002460377
683.79375,-0.002295252
684.875,-0.002123619
685.95625,-0.001945505
687.0375,-0.001760936
688.11875,-0.001569936
689.2,-0.00137253
690.28125,-0.001168744
691.3625,-0.000958603
692.44375,-0.000742132
693.525,-0.000519356
694.60625,-0.000290299
695.6875,-5.49867E-05
696.76875,0.000186556
697.85,0.000434305
698.93125,0.000688236
700.0125,0.000948323
701.09375,0.001214542
702.175,0.00148687
703.25625,0.001765281
704.3375,0.002049751
705.41875,0.002340257
706.5,0.002636773
707.58125,0.002939276
708.6625,0.003247741
709.74375,0.003562146
710.825,0.003882465
711.90625,0.004208675
712.9875,0.004540752
714.06875,0.004878672
715.15,0.005222413
716.23125,0.005571949
717.3125,0.005927258
718.39375,0.006288316
719.475,0.0066551
720.55625,0.007027586
721.6375,0.007405752
722.71875,0.007789573
723.8,0.008179027
724.88125,0.00857409
725.9625,0.00897474
727.04375,0.009380954
728.125,0.009792708
729.20625,0.010209981
730.2875,0.010632748
731.36875,0.011060987
732.45,0.011494677
733.53125,0.011933793
734.6125,0.012378314
735.69375,0.012828217
736.775,0.013283479
737.85625,0.013744079
738.9375,0.014209994
740.01875,0.014681201
741.1,0.015157679
742.18125,0.015639406
743.2625,0.016126359
744.34375,0.016618517
745.425,0.017115857
746.50625,0.017618357
747.5875,0.018125997
748.66875,0.018638753
749.75,0.019156605
750.83125,0.019679531
751.9125,0.020207509
752.99375,0.020740518
754.075,0.021278536
755.15625,0.021821542
756.2375,0.022369514
757.31875,0.022922432
758.4,0.023480274
759.48125,0.024043019
760.5625,0.024610645
761.64375,0.025183133
762.725,0.02576046
763.80625,0.026342607
764.8875,0.026929551
765.96875,0.027521273
767.05,0.028117751
768.13125,0.028718965
769.2125,0.029324895
770.29375,0.029935519
771.375,0.030550818
772.45625,0.03117077
773.5375,0.031795356
774.61875,0.032424554
775.7,0.033058346
776.78125,0.03369671
777.8625,0.034339627
778.94375,0.034987076
780.025,0.035639037
781.10625,0.036295491
782.1875,0.036956417
783.26875,0.037621796
784.35,0.038291608
785.43125,0.038965832
786.5125,0.03964445
787.59375,0.040327442
788.675,0.041014788
789.75625,0.041706468
790.8375,0.042402463
791.91875,0.043102754
793,0.043807322
794.08125,0.044516147
795.1625,0.045229209
796.24375,0.04594649
797.325,0.046667971
798.40625,0.047393632
799.4875,0.048123455
800.56875,0.04885742
801.65,0.049595508
802.73125,0.050337702
803.8125,0.051083981
804.89375,0.051834328
805.975,0.052588723
807.05625,0.053347148
808.1375,0.054109584
809.21875,0.054876013
810.3,0.055646416
811.38125,0.056420776
812.4625,0.057199073
813.54375,0.057981289
814.625,0.058767407
815.70625,0.059557407
816.7875,0.060351272
817.86875,0.061148983
818.95,0.061950524
820.03125,0.062755875
821.1125,0.063565018
822.19375,0.064377937
823.275,0.065194613
824.35625,0.066015028
825.4375,0.066839164
826.51875,0.067667005
827.6,0.068498532
828.68125,0.069333727
829.7625,0.070172575
830.84375,0.071015056
831.925,0.071861153
833.00625,0.07271085
834.0875,0.073564128
835.16875,0.074420972
836.25,0.075281363
837.33125,0.076145284
838.4125,0.077012719
839.49375,0.07788365
840.575,0.07875806
841.65625,0.079635933
842.7375,0.080517251
843.81875,0.081401998
844.9,0.082290158
845.98125,0.083181712
847.0625,0.084076645
848.14375,0.084974941
849.225,0.085876582
850.30625,0.086781552
851.3875,0.087689834
852.46875,0.088601413
853.55,0.089516272
854.63125,0.090434394
855.7125,0.091355763
856.79375,0.092280364
857.875,0.09320818
858.95625,0.094139195
860.0375,0.095073392
861.11875,0.096010757
862.2,0.096951272
863.28125,0.097894923
864.3625,0.098841692
865.44375,0.099791566
866.525,0.100744527
867.60625,0.10170056
868.6875,0.102659649
869.76875,0.10362178
870.85,0.104586935
871.93125,0.105555101
873.0125,0.10652626
874.09375,0.107500399
875.175,0.108477502
876.25625,0.109457553
877.3375,0.110440536
878.41875,0.111426438
879.5,0.112415243
880.58125,0.113406935
881.6625,0.1144015
882.74375,0.115398923
883.825,0.116399188
884.90625,0.117402281
885.9875,0.118408187
887.06875,0.119416892
888.15,0.120428379
889.23125,0.121442636
890.3125,0.122459646
891.39375,0.123479396
892.475,0.124501871
893.55625,0.125527056
894.6375,0.126554937
895.71875,0.1275855
896.8,0.128618729
897.88125,0.129654611
898.9625,0.130693132
900.04375,0.131734277
901.125,0.132778033
902.20625,0.133824384
903.2875,0.134873317
904.36875,0.135924818
905.45,0.136978873
906.53125,0.138035467
907.6125,0.139094588
908.69375,0.14015622
909.775,0.141220352
910.85625,0.142286967
911.9375,0.143356054
913.01875,0.144427597
914.1,0.145501584
915.18125,0.146578001
916.2625,0.147656835
917.34375,0.148738071
918.425,0.149821697
919.50625,0.1509077
920.5875,0.151996064
921.66875,0.153086779
922.75,0.154179829
923.83125,0.155275203
924.9125,0.156372886
925.99375,0.157472866
927.075,0.15857513
928.15625,0.159679664
929.2375,0.160786456
930.31875,0.161895492
931.4,0.16300676
932.48125,0.164120247
933.5625,0.16523594
934.64375,0.166353826
935.725,0.167473893
936.80625,0.168596128
937.8875,0.169720518
938.96875,0.170847051
940.05,0.171975714
941.13125,0.173106495
942.2125,0.17423938
943.29375,0.175374359
944.375,0.176511417
945.45625,0.177650544
946.5375,0.178791727
947.61875,0.179934953
948.7,0.18108021
949.78125,0.182227487
950.8625,0.18337677
951.94375,0.184528049
953.025,0.18568131
954.10625,0.186836543
955.1875,0.187993734
956.26875,0.189152873
957.35,0.190313946
958.43125,0.191476944
959.5125,0.192641852
960.59375,0.193808661
961.675,0.194977358
962.75625,0.196147932
963.8375,0.19732037
964.91875,0.198494662
966,0.199670796
967.08125,0.20084876
968.1625,0.202028544
969.24375,0.203210134
970.325,0.204393521
971.40625,0.205578693
972.4875,0.206765639
973.56875,0.207954347
974.65,0.209144806
975.73125,0.210337005
976.8125,0.211530933
977.89375,0.212726579
978.975,0.213923932
980.05625,0.215122981
981.1375,0.216323714
982.21875,0.217526122
983.3,0.218730192
984.38125,0.219935915
985.4625,0.22114328
986.54375,0.222352275
987.625,0.22356289
988.70625,0.224775115
989.7875,0.225988938
990.86875,0.227204349
991.95,0.228421339
993.03125,0.229639895
994.1125,0.230860008
995.19375,0.232081667
996.275,0.233304862
997.35625,0.234529582
998.4375,0.235755817
999.51875,0.236983558
1000.6,0.238212793
1001.68125,0.239443512
1002.7625,0.240675706
1003.84375,0.241909364
1004.925,0.243144475
1006.00625,0.244381031
1007.0875,0.245619021
1008.16875,0.246858435
1009.25,0.248099263
1010.33125,0.249341496
1011.4125,0.250585123
1012.49375,0.251830134
1013.575,0.25307652
1014.65625,0.254324271
1015.7375,0.255573378
1016.81875,0.25682383
1017.9,0.258075619
1018.98125,0.259328733
1020.0625,0.260583165
1021.14375,0.261838904
1022.225,0.263095941
1023.30625,0.264354267
1024.3875,0.265613872
1025.46875,0.266874746
1026.55,0.268136881
1027.63125,0.269400267
1028.7125,0.270664894
1029.79375,0.271930755
1030.875,0.273197839
1031.95625,0.274466137
1033.0375,0.27573564
1034.11875,0.27700634
1035.2,0.278278226
1036.28125,0.279551291
1037.3625,0.280825524
1038.44375,0.282100918
1039.525,0.283377463
1040.60625,0.284655151
1041.6875,0.285933972
1042.76875,0.287213918
1043.85,0.28849498
1044.93125,0.289777149
1046.0125,0.291060417
1047.09375,0.292344775
1048.175,0.293630215
1049.25625,0.294916727
1050.3375,0.296204303
1051.41875,0.297492936
1052.5,0.298782615
1053.58125,0.300073334
1054.6625,0.301365083
1055.74375,0.302657853
1056.825,0.303951638
1057.90625,0.305246428
1058.9875,0.306542216
1060.06875,0.307838992
1061.15,0.309136749
1062.23125,0.310435479
1063.3125,0.311735173
1064.39375,0.313035823
1065.475,0.314337422
1066.55625,0.315639961
1067.6375,0.316943432
1068.71875,0.318247827
1069.8,0.319553139
1070.88125,0.32085936
1071.9625,0.322166481
1073.04375,0.323474495
1074.125,0.324783393
1075.20625,0.326093169
1076.2875,0.327403815
1077.36875,0.328715322
1078.45,0.330027684
1079.53125,0.331340892
1080.6125,0.332654939
1081.69375,0.333969817
1082.775,0.335285519
1083.85625,0.336602037
1084.9375,0.337919364
1086.01875,0.339237493
1087.1,0.340556415
1088.18125,0.341876124
1089.2625,0.343196613
1090.34375,0.344517873
1091.425,0.345839898
1092.50625,0.34716268
1093.5875,0.348486213
1094.66875,0.349810488
1095.75,0.3511355
1096.83125,0.35246124
1097.9125,0.353787702
1098.99375,0.355114878
1100.075,0.356442762
1101.15625,0.357771347
1102.2375,0.359100625
1103.31875,0.36043059
1104.4,0.361761234
1105.48125,0.363092552
1106.5625,0.364424535
1107.64375,0.365757178
1108.725,0.367090473
1109.80625,0.368424413
1110.8875,0.369758993
1111.96875,0.371094205
1113.05,0.372430043
1114.13125,0.373766499
1115.2125,0.375103568
1116.29375,0.376441242
1117.375,0.377779516
1118.45625,0.379118383
1119.5375,0.380457836
1120.61875,0.381797868
1121.7,0.383138474
1122.78125,0.384479647
1123.8625,0.38582138
1124.94375,0.387163668
1126.025,0.388506504
1127.10625,0.389849881
1128.1875,0.391193793
1129.26875,0.392538235
1130.35,0.3938832
1131.43125,0.395228682
1132.5125,0.396574674
1133.59375,0.397921171
1134.675,0.399268166
1135.75625,0.400615654
1136.8375,0.401963628
1137.91875,0.403312082
1139,0.404661011
1140.08125,0.406010409
1141.1625,0.407360269
1142.24375,0.408710585
1143.325,0.410061353
1144.40625,0.411412565
1145.4875,0.412764217
1146.56875,0.414116302
1147.65,0.415468815
1148.73125,0.41682175
1149.8125,0.418175101
1150.89375,0.419528863
1151.975,0.42088303
1153.05625,0.422237596
1154.1375,0.423592555
1155.21875,0.424947903
1156.3,0.426303634
1157.38125,0.427659742
1158.4625,0.429016221
1159.54375,0.430373067
1160.625,0.431730274
1161.70625,0.433087836
1162.7875,0.434445748
1163.86875,0.435804004
1164.95,0.437162601
1166.03125,0.438521531
1167.1125,0.43988079
1168.19375,0.441240372
1169.275,0.442600273
1170.35625,0.443960487
1171.4375,0.445321009
1172.51875,0.446681834
1173.6,0.448042957
1174.68125,0.449404372
1175.7625,0.450766075
1176.84375,0.452128061
1177.925,0.453490324
1179.00625,0.454852859
1180.0875,0.456215662
1181.16875,0.457578728
1182.25,0.458942051
1183.33125,0.460305628
1184.4125,0.461669452
1185.49375,0.463033519
1186.575,0.464397825
1187.65625,0.465762364
1188.7375,0.467127132
1189.81875,0.468492124
1190.9,0.469857335
1191.98125,0.471222761
1193.0625,0.472588397
1194.14375,0.473954238
1195.225,0.475320279
1196.30625,0.476686517
1197.3875,0.478052946
1198.46875,0.479419562
1199.55,0.480786361
1200.63125,0.482153337
1201.7125,0.483520487
1202.79375,0.484887806
1203.875,0.486255289
1204.95625,0.487622933
1206.0375,0.488990732
1207.11875,0.490358682
1208.2,0.49172678
1209.28125,0.49309502
1210.3625,0.494463398
1211.44375,0.495831911
1212.525,0.497200553
1213.60625,0.498569321
1214.6875,0.499938211
1215.76875,0.501307218
1216.85,0.502676337
1217.93125,0.504045566
1219.0125,0.5054149
1220.09375,0.506784334
1221.175,0.508153865
1222.25625,0.509523488
1223.3375,0.5108932
1224.41875,0.512262997
1225.5,0.513632874
1226.58125,0.515002828
1227.6625,0.516372854
1228.74375,0.517742949
1229.825,0.519113109
1230.90625,0.52048333
1231.9875,0.521853607
1233.06875,0.523223939
1234.15,0.524594319
1235.23125,0.525964745
1236.3125,0.527335213
1237.39375,0.528705719
1238.475,0.53007626
1239.55625,0.531446831
1240.6375,0.532817429
1241.71875,0.53418805
1242.8,0.535558691
1243.88125,0.536929348
1244.9625,0.538300017
1246.04375,0.539670695
1247.125,0.541041378
1248.20625,0.542412063
1249.2875,0.543782746
1250.36875,0.545153423
1251.45,0.546524092
1252.53125,0.547894749
1253.6125,0.549265389
1254.69375,0.55063601
1255.775,0.552006609
1256.85625,0.553377182
1257.9375,0.554747725
1259.01875,0.556118235
1260.1,0.55748871
1261.18125,0.558859144
1262.2625,0.560229537
1263.34375,0.561599883
1264.425,0.562970179
1265.50625,0.564340424
1266.5875,0.565710612
1267.66875,0.567080742
1268.75,0.568450809
1269.83125,0.569820811
1270.9125,0.571190745
1271.99375,0.572560607
1273.075,0.573930395
1274.15625,0.575300104
1275.2375,0.576669733
1276.31875,0.578039278
1277.4,0.579408736
1278.48125,0.580778103
1279.5625,0.582147378
1280.64375,0.583516557
1281.725,0.584885637
1282.80625,0.586254615
1283.8875,0.587623488
1284.96875,0.588992253
1286.05,0.590360908
1287.13125,0.591729449
1288.2125,0.593097873
1289.29375,0.594466179
1290.375,0.595834362
1291.45625,0.59720242
1292.5375,0.598570351
1293.61875,0.599938151
1294.7,0.601305818
1295.78125,0.602673349
1296.8625,0.604040741
1297.94375,0.605407992
1299.025,0.606775098
1300.10625,0.608142058
1301.1875,0.609508868
1302.26875,0.610875526
1303.35,0.612242029
1304.43125,0.613608375
1305.5125,0.61497456
1306.59375,0.616340583
1307.675,0.617706441
1308.75625,0.619072132
1309.8375,0.620437652
1310.91875,0.621802999
1312,0.623168171
1313.08125,0.624533165
1314.1625,0.625897979
1315.24375,0.62726261
1316.325,0.628627056
1317.40625,0.629991314
1318.4875,0.631355382
1319.56875,0.632719258
1320.65,0.634082939
1321.73125,0.635446423
1322.8125,0.636809707
1323.89375,0.63817279
1324.975,0.639535668
1326.05625,0.640898339
1327.1375,0.642260802
1328.21875,0.643623054
1329.3,0.644985092
1330.38125,0.646346915
1331.4625,0.64770852
1332.54375,0.649069905
1333.625,0.650431067
1334.70625,0.651792005
1335.7875,0.653152716
1336.86875,0.654513199
1337.95,0.65587345
1339.03125,0.657233468
1340.1125,0.658593251
1341.19375,0.659952796
1342.275,0.661312102
1343.35625,0.662671166
1344.4375,0.664029987
1345.51875,0.665388561
1346.6,0.666746888
1347.68125,0.668104966
1348.7625,0.669462791
1349.84375,0.670820362
1350.925,0.672177677
1352.00625,0.673534735
1353.0875,0.674891533
1354.16875,0.676248069
1355.25,0.677604341
1356.33125,0.678960347
1357.4125,0.680316086
1358.49375,0.681671555
1359.575,0.683026753
1360.65625,0.684381678
1361.7375,0.685736327
1362.81875,0.687090699
1363.9,0.688444793
1364.98125,0.689798605
1366.0625,0.691152135
1367.14375,0.692505381
1368.225,0.69385834
1369.30625,0.695211012
1370.3875,0.696563394
1371.46875,0.697915484
1372.55,0.699267281
1373.63125,0.700618783
1374.7125,0.701969988
1375.79375,0.703320894
1376.875,0.704671501
1377.95625,0.706021805
1379.0375,0.707371806
1380.11875,0.708721501
1381.2,0.71007089
1382.28125,0.71141997
1383.3625,0.71276874
1384.44375,0.714117198
1385.525,0.715465342
1386.60625,0.716813171
1387.6875,0.718160684
1388.76875,0.719507878
1389.85,0.720854752
1390.93125,0.722201305
1392.0125,0.723547534
1393.09375,0.724893439
1394.175,0.726239018
1395.25625,0.727584269
1396.3375,0.728929191
1397.41875,0.730273782
1398.5,0.731618041
1399.58125,0.732961966
1400.6625,0.734305556
1401.74375,0.735648809
1402.825,0.736991724
1403.90625,0.7383343
1404.9875,0.739676534
1406.06875,0.741018426
1407.15,0.742359974
1408.23125,0.743701176
1409.3125,0.745042032
1410.39375,0.746382539
1411.475,0.747722697
1412.55625,0.749062504
1413.6375,0.750401959
1414.71875,0.751741059
1415.8,0.753079805
1416.88125,0.754418194
1417.9625,0.755756226
1419.04375,0.757093898
1420.125,0.75843121
1421.20625,0.75976816
1422.2875,0.761104748
1423.36875,0.76244097
1424.45,0.763776827
1425.53125,0.765112317
1426.6125,0.766447439
1427.69375,0.767782191
1428.775,0.769116573
1429.85625,0.770450583
1430.9375,0.771784219
1432.01875,0.77311748
1433.1,0.774450366
1434.18125,0.775782875
1435.2625,0.777115006
1436.34375,0.778446757
1437.425,0.779778128
1438.50625,0.781109117
1439.5875,0.782439723
1440.66875,0.783769945
1441.75,0.785099781
1442.83125,0.786429231
1443.9125,0.787758293
1444.99375,0.789086966
1446.075,0.790415249
1447.15625,0.791743141
1448.2375,0.793070641
1449.31875,0.794397747
1450.4,0.795724459
1451.48125,0.797050775
1452.5625,0.798376695
1453.64375,0.799702216
1454.725,0.801027339
1455.80625,0.802352061
1456.8875,0.803676382
1457.96875,0.805000301
1459.05,0.806323817
1460.13125,0.807646928
1461.2125,0.808969634
1462.29375,0.810291933
1463.375,0.811613825
1464.45625,0.812935308
1465.5375,0.814256381
1466.61875,0.815577044
1467.7,0.816897295
1468.78125,0.818217133
1469.8625,0.819536558
1470.94375,0.820855567
1472.025,0.822174161
1473.10625,0.823492338
1474.1875,0.824810097
1475.26875,0.826127437
1476.35,0.827444357
1477.43125,0.828760857
1478.5125,0.830076935
1479.59375,0.83139259
1480.675,0.832707821
1481.75625,0.834022628
1482.8375,0.835337008
1483.91875,0.836650963
1485,0.837964489
1486.08125,0.839277587
1487.1625,0.840590255
1488.24375,0.841902493
1489.325,0.8432143
1490.40625,0.844525674
1491.4875,0.845836615
1492.56875,0.847147122
1493.65,0.848457193
1494.73125,0.849766829
1495.8125,0.851076027
1496.89375,0.852384788
1497.975,0.853693109
1499.05625,0.855000991
1500.1375,0.856308432
1501.21875,0.857615432
1502.3,0.858921989
1503.38125,0.860228103
1504.4625,0.861533773
1505.54375,0.862838997
1506.625,0.864143776
1507.70625,0.865448107
1508.7875,0.866751991
1509.86875,0.868055426
1510.95,0.869358411
1512.03125,0.870660946
1513.1125,0.87196303
1514.19375,0.873264661
1515.275,0.874565839
1516.35625,0.875866564
1517.4375,0.877166833
1518.51875,0.878466647
1519.6,0.879766005
1520.68125,0.881064905
1521.7625,0.882363346
1522.84375,0.883661329
1523.925,0.884958851
1525.00625,0.886255913
1526.0875,0.887552513
1527.16875,0.888848651
1528.25,0.890144325
1529.33125,0.891439535
1530.4125,0.892734279
1531.49375,0.894028558
1532.575,0.89532237
1533.65625,0.896615715
1534.7375,0.897908591
1535.81875,0.899200998
1536.9,0.900492934
1537.98125,0.9017844
1539.0625,0.903075394
1540.14375,0.904365915
1541.225,0.905655963
1542.30625,0.906945536
1543.3875,0.908234635
1544.46875,0.909523257
1545.55,0.910811402
1546.63125,0.91209907
1547.7125,0.913386259
1548.79375,0.914672969
1549.875,0.915959199
1550.95625,0.917244948
1552.0375,0.918530214
1553.11875,0.919814999
1554.2,0.921099299
1555.28125,0.922383116
1556.3625,0.923666447
1557.44375,0.924949292
1558.525,0.92623165
1559.60625,0.927513521
1560.6875,0.928794903
1561.76875,0.930075796
1562.85,0.931356199
1563.93125,0.93263611
1565.0125,0.93391553
1566.09375,0.935194457
1567.175,0.93647289
1568.25625,0.937750829
1569.3375,0.939028273
1570.41875,0.940305221
1571.5,0.941581672
1572.58125,0.942857625
1573.6625,0.944133079
1574.74375,0.945408034
1575.825,0.946682489
1576.90625,0.947956442
1577.9875,0.949229894
1579.06875,0.950502842
1580.15,0.951775287
1581.23125,0.953047227
1582.3125,0.954318662
1583.39375,0.95558959
1584.475,0.956860012
1585.55625,0.958129925
1586.6375,0.959399329
1587.71875,0.960668224
1588.8,0.961936608
1589.88125,0.96320448
1590.9625,0.96447184
1592.04375,0.965738687
1593.125,0.967005019
1594.20625,0.968270837
1595.2875,0.969536138
1596.36875,0.970800923
1597.45,0.97206519
1598.53125,0.973328938
1599.6125,0.974592167
1600.69375,0.975854875
1601.775,0.977117063
1602.85625,0.978378727
1603.9375,0.979639869
1605.01875,0.980900487
1606.1,0.98216058
1607.18125,0.983420147
1608.2625,0.984679187
1609.34375,0.985937699
1610.425,0.987195683
1611.50625,0.988453137
1612.5875,0.989710061
1613.66875,0.990966453
1614.75,0.992222313
1615.83125,0.993477639
1616.9125,0.994732431
1617.99375,0.995986688
1619.075,0.997240409
1620.15625,0.998493592
1621.2375,0.999746238
1622.31875,1.000998344
1623.4,1.00224991
1624.48125,1.003500935
1625.5625,1.004751418
1626.64375,1.006001358
1627.725,1.007250754
1628.80625,1.008499605
1629.8875,1.00974791
1630.96875,1.010995668
1632.05,1.012242877
1633.13125,1.013489538
1634.2125,1.014735649
1635.29375,1.015981208
1636.375,1.017226216
1637.45625,1.01847067
1638.5375,1.01971457
1639.61875,1.020957915
1640.7,1.022200704
1641.78125,1.023442935
1642.8625,1.024684607
1643.94375,1.025925721
1645.025,1.027166273
1646.10625,1.028406264
1647.1875,1.029645693
1648.26875,1.030884557
1649.35,1.032122857
1650.43125,1.033360591
1651.5125,1.034597757
1652.59375,1.035834355
1653.675,1.037070384
1654.75625,1.038305843
1655.8375,1.03954073
1656.91875,1.040775044
1658,1.042008785
1659.08125,1.04324195
1660.1625,1.044474539
1661.24375,1.045706551
1662.325,1.046937985
1663.40625,1.048168838
1664.4875,1.049399111
1665.56875,1.050628802
1666.65,1.05185791
1667.73125,1.053086433
1668.8125,1.054314371
1669.89375,1.055541722
1670.975,1.056768484
1672.05625,1.057994658
1673.1375,1.059220241
1674.21875,1.060445232
1675.3,1.06166963
1676.38125,1.062893434
1677.4625,1.064116643
1678.54375,1.065339255
1679.625,1.066561268
1680.70625,1.067782683
1681.7875,1.069003496
1682.86875,1.070223708
1683.95,1.071443317
1685.03125,1.07266232
1686.1125,1.073880719
1687.19375,1.075098509
1688.275,1.076315692
1689.35625,1.077532264
1690.4375,1.078748225
1691.51875,1.079963574
1692.6,1.081178309
1693.68125,1.082392428
1694.7625,1.083605931
1695.84375,1.084818815
1696.925,1.08603108
1698.00625,1.087242724
1699.0875,1.088453745
1700.16875,1.089664143
1701.25,1.090873916
1702.33125,1.092083062
1703.4125,1.09329158
1704.49375,1.094499468
1705.575,1.095706725
1706.65625,1.09691335
1707.7375,1.09811934
1708.81875,1.099324696
1709.9,1.100529414
1710.98125,1.101733493
1712.0625,1.102936933
1713.14375,1.104139731
1714.225,1.105341886
1715.30625,1.106543396
1716.3875,1.10774426
1717.46875,1.108944476
1718.55,1.110144042
1719.63125,1.111342958
1720.7125,1.112541221
1721.79375,1.11373883
1722.875,1.114935783
1723.95625,1.116132079
1725.0375,1.117327716
1726.11875,1.118522691
1727.2,1.119717005
1728.28125,1.120910654
1729.3625,1.122103638
1730.44375,1.123295954
1731.525,1.124487601
1732.60625,1.125678578
1733.6875,1.126868882
1734.76875,1.128058511
1735.85,1.129247465
1736.93125,1.13043574
1738.0125,1.131623337
1739.09375,1.132810252
1740.175,1.133996483
1741.25625,1.135182031
1742.3375,1.136366891
1743.41875,1.137551063
1744.5,1.138734544
1745.58125,1.139917334
1746.6625,1.141099429
1747.74375,1.142280829
1748.825,1.143461531
1749.90625,1.144641533
1750.9875,1.145820834
1752.06875,1.146999431
1753.15,1.148177323
1754.23125,1.149354508
1755.3125,1.150530984
1756.39375,1.151706749
1757.475,1.1528818
1758.55625,1.154056137
1759.6375,1.155229757
1760.71875,1.156402657
1761.8,1.157574837
1762.88125,1.158746293
1763.9625,1.159917025
1765.04375,1.161087029
1766.125,1.162256304
1767.20625,1.163424848
1768.2875,1.164592659
1769.36875,1.165759734
1770.45,1.166926072
1771.53125,1.16809167
1772.6125,1.169256527
1773.69375,1.170420639
1774.775,1.171584006
1775.85625,1.172746625
1776.9375,1.173908493
1778.01875,1.175069608
1779.1,1.176229969
1780.18125,1.177389573
1781.2625,1.178548418
1782.34375,1.179706501
1783.425,1.18086382
1784.50625,1.182020374
1785.5875,1.183176159
1786.66875,1.184331174
1787.75,1.185485416
1788.83125,1.186638883
1789.9125,1.187791573
1790.99375,1.188943483
1792.075,1.19009461
1793.15625,1.191244953
1794.2375,1.192394509
1795.31875,1.193543276
1796.4,1.194691251
1797.48125,1.195838432
1798.5625,1.196984816
1799.64375,1.198130401
1800.725,1.199275185
1801.80625,1.200419165
1802.8875,1.201562338
1803.96875,1.202704703
1805.05,1.203846256
1806.13125,1.204986994
1807.2125,1.206126917
1808.29375,1.20726602
1809.375,1.208404301
1810.45625,1.209541758
1811.5375,1.210678388
1812.61875,1.211814189
1813.7,1.212949157
1814.78125,1.21408329
1815.8625,1.215216587
1816.94375,1.216349042
1818.025,1.217480655
1819.10625,1.218611423
1820.1875,1.219741342
1821.26875,1.22087041
1822.35,1.221998624
1823.43125,1.223125982
1824.5125,1.224252481
1825.59375,1.225378117
1826.675,1.226502888
1827.75625,1.227626792
1828.8375,1.228749825
1829.91875,1.229871984
1831,1.230993268
1832.08125,1.232113672
1833.1625,1.233233194
1834.24375,1.23435183
1835.325,1.235469579
1836.40625,1.236586437
1837.4875,1.237702401
1838.56875,1.238817468
1839.65,1.239931635
1840.73125,1.2410449
1841.8125,1.242157258
1842.89375,1.243268708
1843.975,1.244379245
1845.05625,1.245488868
1846.1375,1.246597572
1847.21875,1.247705355
1848.3,1.248812213
1849.38125,1.249918144
1850.4625,1.251023145
1851.54375,1.252127211
1852.625,1.25323034
1853.70625,1.254332529
1854.7875,1.255433775
1855.86875,1.256534074
1856.95,1.257633423
1858.03125,1.258731818
1859.1125,1.259829257
1860.19375,1.260925736
1861.275,1.262021252
1862.35625,1.263115802
1863.4375,1.264209381
1864.51875,1.265301988
1865.6,1.266393617
1866.68125,1.267484267
1867.7625,1.268573933
1868.84375,1.269662613
1869.925,1.270750302
1871.00625,1.271836997
1872.0875,1.272922695
1873.16875,1.274007392
1874.25,1.275091085
1875.33125,1.276173769
1876.4125,1.277255443
1877.49375,1.278336101
1878.575,1.279415741
1879.65625,1.280494358
1880.7375,1.28157195
1881.81875,1.282648512
1882.9,1.283724041
1883.98125,1.284798533
1885.0625,1.285871984
1886.14375,1.286944391
1887.225,1.28801575
1888.30625,1.289086058
1889.3875,1.290155309
1890.46875,1.291223502
1891.55,1.292290631
1892.63125,1.293356693
1893.7125,1.294421684
1894.79375,1.295485601
1895.875,1.296548439
1896.95625,1.297610195
1898.0375,1.298670864
1899.11875,1.299730442
1900.2,1.300788927
1901.28125,1.301846313
1902.3625,1.302902597
1903.44375,1.303957774
1904.525,1.305011841
1905.60625,1.306064794
1906.6875,1.307116629
1907.76875,1.30816734
1908.85,1.309216926
1909.93125,1.31026538
1911.0125,1.311312699
1912.09375,1.31235888
1913.175,1.313403917
1914.25625,1.314447806
1915.3375,1.315490544
1916.41875,1.316532126
1917.5,1.317572548
1918.58125,1.318611805
1919.6625,1.319649893
1920.74375,1.320686808
1921.825,1.321722546
1922.90625,1.322757102
1923.9875,1.323790472
1925.06875,1.324822651
1926.15,1.325853635
1927.23125,1.32688342
1928.3125,1.327912
1929.39375,1.328939373
1930.475,1.329965532
1931.55625,1.330990474
1932.6375,1.332014194
1933.71875,1.333036688
1934.8,1.33405795
1935.88125,1.335077977
1936.9625,1.336096763
1938.04375,1.337114305
1939.125,1.338130597
1940.20625,1.339145634
1941.2875,1.340159413
1942.36875,1.341171928
1943.45,1.342183174
1944.53125,1.343193147
1945.6125,1.344201842
1946.69375,1.345209255
1947.775,1.346215379
1948.85625,1.347220212
1949.9375,1.348223746
1951.01875,1.349225979
1952.1,1.350226904
1953.18125,1.351226518
1954.2625,1.352224814
1955.34375,1.353221788
1956.425,1.354217436
1957.50625,1.355211751
1958.5875,1.356204729
1959.66875,1.357196365
1960.75,1.358186654
1961.83125,1.359175591
1962.9125,1.36016317
1963.99375,1.361149387
1965.075,1.362134236
1966.15625,1.363117712
1967.2375,1.36409981
1968.31875,1.365080524
1969.4,1.36605985
1970.48125,1.367037783
1971.5625,1.368014316
1972.64375,1.368989444
1973.725,1.369963163
1974.80625,1.370935466
1975.8875,1.371906349
1976.96875,1.372875806
1978.05,1.373843832
1979.13125,1.374810421
1980.2125,1.375775567
1981.29375,1.376739266
1982.375,1.377701511
1983.45625,1.378662298
1984.5375,1.37962162
1985.61875,1.380579472
1986.7,1.381535848
1987.78125,1.382490743
1988.8625,1.383444152
1989.94375,1.384396067
1991.025,1.385346485
1992.10625,1.386295398
1993.1875,1.387242802
1994.26875,1.38818869
1995.35,1.389133057
1996.43125,1.390075897
1997.5125,1.391017204
1998.59375,1.391956973
1999.675,1.392895196
2000.75625,1.393831869
2001.8375,1.394766986
2002.91875,1.39570054
2004,1.396632526
2005.08125,1.397562937
2006.1625,1.398491768
2007.24375,1.399419013
2008.325,1.400344665
2009.40625,1.401268718
2010.4875,1.402191167
2011.56875,1.403112005
2012.65,1.404031225
2013.73125,1.404948823
2014.8125,1.405864791
2015.89375,1.406779124
2016.975,1.407691814
2018.05625,1.408602857
2019.1375,1.409512245
2020.21875,1.410419972
2021.3,1.411326032
2022.38125,1.412230419
2023.4625,1.413133125
2024.54375,1.414034146
2025.625,1.414933473
2026.70625,1.415831101
2027.7875,1.416727024
2028.86875,1.417621234
2029.95,1.418513725
2031.03125,1.419404491
2032.1125,1.420293525
2033.19375,1.421180821
2034.275,1.422066371
2035.35625,1.422950169
2036.4375,1.423832209
2037.51875,1.424712483
2038.6,1.425590986
2039.68125,1.426467709
2040.7625,1.427342647
2041.84375,1.428215792
2042.925,1.429087139
2044.00625,1.429956679
2045.0875,1.430824406
2046.16875,1.431690313
2047.25,1.432554393
2048.33125,1.433416639
2049.4125,1.434277045
2050.49375,1.435135603
2051.575,1.435992306
2052.65625,1.436847147
2053.7375,1.437700119
2054.81875,1.438551214
2055.9,1.439400427
2056.98125,1.440247749
2058.0625,1.441093173
2059.14375,1.441936693
2060.225,1.4427783
2061.30625,1.443617988
2062.3875,1.444455749
2063.46875,1.445291576
2064.55,1.446125462
2065.63125,1.4469574
2066.7125,1.447787381
2067.79375,1.448615398
2068.875,1.449441445
2069.95625,1.450265513
2071.0375,1.451087595
2072.11875,1.451907684
2073.2,1.452725771
2074.28125,1.45354185
2075.3625,1.454355913
2076.44375,1.455167952
2077.525,1.455977959
2078.60625,1.456785927
2079.6875,1.457591849
2080.76875,1.458395715
2081.85,1.459197519
2082.93125,1.459997253
2084.0125,1.460794909
2085.09375,1.461590479
2086.175,1.462383955
2087.25625,1.463175329
2088.3375,1.463964594
2089.41875,1.464751742
2090.5,1.465536763
2091.58125,1.466319652
2092.6625,1.467100399
2093.74375,1.467878996
2094.825,1.468655435
2095.90625,1.469429709
2096.9875,1.470201809
2098.06875,1.470971726
2099.15,1.471739454
2100.23125,1.472504982
2101.3125,1.473268304
2102.39375,1.474029411
2103.475,1.474788295
2104.55625,1.475544947
2105.6375,1.476299359
2106.71875,1.477051522
2107.8,1.477801429
2108.88125,1.47854907
2109.9625,1.479294437
2111.04375,1.480037523
2112.125,1.480778317
2113.20625,1.481516812
2114.2875,1.482253
2115.36875,1.48298687
2116.45,1.483718416
2117.53125,1.484447628
2118.6125,1.485174497
2119.69375,1.485899015
2120.775,1.486621173
2121.85625,1.487340963
2122.9375,1.488058374
2124.01875,1.4887734
2125.1,1.48948603
2126.18125,1.490196256
2127.2625,1.490904069
2128.34375,1.49160946
2129.425,1.49231242
2130.50625,1.493012941
2131.5875,1.493711012
2132.66875,1.494406625
2133.75,1.495099771
2134.83125,1.495790441
2135.9125,1.496478625
2136.99375,1.497164315
2138.075,1.497847501
2139.15625,1.498528174
2140.2375,1.499206325
2141.31875,1.499881944
2142.4,1.500555023
2143.48125,1.501225551
2144.5625,1.50189352
2145.64375,1.50255892
2146.725,1.503221741
2147.80625,1.503881975
2148.8875,1.504539611
2149.96875,1.505194641
2151.05,1.505847054
2152.13125,1.506496841
2153.2125,1.507143992
2154.29375,1.507788498
2155.375,1.508430349
2156.45625,1.509069536
2157.5375,1.509706049
2158.61875,1.510339877
2159.7,1.510971012
2160.78125,1.511599442
2161.8625,1.51222516
2162.94375,1.512848154
2164.025,1.513468415
2165.10625,1.514085932
2166.1875,1.514700697
2167.26875,1.515312698
2168.35,1.515921926
2169.43125,1.516528371
2170.5125,1.517132023
2171.59375,1.517732871
2172.675,1.518330906
2173.75625,1.518926117
2174.8375,1.519518494
2175.91875,1.520108027
2177,1.520694706
2178.08125,1.52127852
2179.1625,1.521859459
2180.24375,1.522437512
2181.325,1.52301267
2182.40625,1.523584922
2183.4875,1.524154257
2184.56875,1.524720665
2185.65,1.525284136
2186.73125,1.525844658
2187.8125,1.526402222
2188.89375,1.526956817
2189.975,1.527508432
2191.05625,1.528057056
2192.1375,1.528602679
2193.21875,1.52914529
2194.3,1.529684879
2195.38125,1.530221434
2196.4625,1.530754945
2197.54375,1.5312854
2198.625,1.53181279
2199.70625,1.532337103
2200.7875,1.532858328
2201.86875,1.533376455
2202.95,1.533891472
2204.03125,1.534403368
2205.1125,1.534912132
2206.19375,1.535417753
2207.275,1.53592022
2208.35625,1.536419522
2209.4375,1.536915648
2210.51875,1.537408586
2211.6,1.537898326
2212.68125,1.538384855
2213.7625,1.538868163
2214.84375,1.539348238
2215.925,1.53982507
2217.00625,1.540298645
2218.0875,1.540768954
2219.16875,1.541235984
2220.25,1.541699725
2221.33125,1.542160164
2222.4125,1.54261729
2223.49375,1.543071092
2224.575,1.543521557
2225.65625,1.543968675
2226.7375,1.544412433
2227.81875,1.54485282
2228.9,1.545289824
2229.98125,1.545723433
2231.0625,1.546153636
2232.14375,1.54658042
2233.225,1.547003774
2234.30625,1.547423686
2235.3875,1.547840143
2236.46875,1.548253135
2237.55,1.548662648
2238.63125,1.549068671
2239.7125,1.549471192
2240.79375,1.549870199
2241.875,1.550265679
2242.95625,1.55065762
2244.0375,1.551046011
2245.11875,1.551430839
2246.2,1.551812091
2247.28125,1.552189756
2248.3625,1.55256382
2249.44375,1.552934273
2250.525,1.5533011
2251.60625,1.553664291
2252.6875,1.554023832
2253.76875,1.55437971
2254.85,1.554731914
2255.93125,1.555080431
2257.0125,1.555425249
2258.09375,1.555766353
2259.175,1.556103733
2260.25625,1.556437375
2261.3375,1.556767266
2262.41875,1.557093394
2263.5,1.557415747
2264.58125,1.55773431
2265.6625,1.558049071
2266.74375,1.558360018
2267.825,1.558667138
2268.90625,1.558970417
2269.9875,1.559269842
2271.06875,1.559565401
2272.15,1.559857081
2273.23125,1.560144867
2274.3125,1.560428748
2275.39375,1.56070871
2276.475,1.56098474
2277.55625,1.561256825
2278.6375,1.561524951
2279.71875,1.561789105
2280.8,1.562049274
2281.88125,1.562305444
2282.9625,1.562557602
2284.04375,1.562805735
2285.125,1.56304983
2286.20625,1.563289871
2287.2875,1.563525847
2288.36875,1.563757743
2289.45,1.563985547
2290.53125,1.564209244
2291.6125,1.56442882
2292.69375,1.564644262
2293.775,1.564855557
2294.85625,1.56506269
2295.9375,1.565265648
2297.01875,1.565464416
2298.1,1.565658982
2299.18125,1.56584933
2300.2625,1.566035448
2301.34375,1.566217321
2302.425,1.566394935
2303.50625,1.566568276
2304.5875,1.56673733
2305.66875,1.566902083
2306.75,1.567062521
2307.83125,1.56721863
2308.9125,1.567370395
2309.99375,1.567517802
2311.075,1.567660836
2312.15625,1.567799485
2313.2375,1.567933732
2314.31875,1.568063565
2315.4,1.568188968
2316.48125,1.568309926
2317.5625,1.568426426
2318.64375,1.568538454
2319.725,1.568645993
2320.80625,1.56874903
2321.8875,1.56884755
2322.96875,1.568941539
2324.05,1.569030982
2325.13125,1.569115863
2326.2125,1.569196169
2327.29375,1.569271884
2328.375,1.569342994
2329.45625,1.569409483
2330.5375,1.569471338
2331.61875,1.569528542
2332.7,1.569581081
2333.78125,1.56962894
2334.8625,1.569672104
2335.94375,1.569710557
2337.025,1.569744286
2338.10625,1.569773273
2339.1875,1.569797505
2340.26875,1.569816966
2341.35,1.56983164
2342.43125,1.569841513
2343.5125,1.56984657
2344.59375,1.569846794
2345.675,1.56984217
2346.75625,1.569832683
2347.8375,1.569818317
2348.91875,1.569799058
2350,1.569774889
