0,0,0,0,0,0,0,0,0,0,0,0,0
10,0.099020271,-0.010887687,-1.208743235,-1.208743235,0,0,0,0,0,0,0,0
10.1,0.099072397,-0.010892275,-1.209592703,-1.209592703,0.002085028,-0.000183583,-0.01698673,0.002085028,-0.000183583,-0.01698673,-0.0002794,3.78E-23
10.2,0.099788401,-0.010954621,-1.211630483,-1.211630483,0.014129936,-0.001215213,-0.023745722,0.013921433,-0.001196855,-0.022047049,-0.001003683,-9.97E-22
10.3,0.102243047,-0.011159738,-1.214352128,-1.214352128,0.036502944,-0.002980016,-0.03065226,0.034902298,-0.002841972,-0.026748883,-0.001873897,-7.19E-23
10.4,0.107210044,-0.01154797,-1.212662037,-1.212662037,0.063914646,-0.004724757,0.064487248,0.05882377,-0.004302516,0.071065514,-0.001428586,0.005764261
10.5,0.115837883,-0.012103142,-1.218680216,-1.218680216,0.10968236,-0.006269407,-0.184812368,0.098709107,-0.005416915,-0.185340653,0.001022627,-3.53E-22
10.6,0.128523381,-0.012778463,-1.230278131,-1.230278131,0.144509916,-0.007255986,-0.047126003,0.123665752,-0.005861802,-0.029120223,0.004438148,0.001619702
10.7,0.145527378,-0.013575729,-1.244123043,-1.244123043,0.196037316,-0.008658529,-0.229751598,0.162826577,-0.006678165,-0.208833796,0.008750938,-2.14E-21
10.8,0.166718749,-0.01447479,-1.252650623,-1.252650623,0.227941636,-0.00929224,0.059206954,0.178448239,-0.006644059,0.101008136,0.013769848,0.000149039
10.9,0.192483685,-0.015454169,-1.261040433,-1.261040433,0.28741357,-0.010283832,-0.227000526,0.220075349,-0.006971245,-0.195300157,0.018952745,5.5E-23
11,0.222975218,-0.016510503,-1.272092783,-1.272092783,0.322338924,-0.010836537,0.005949874,0.232993169,-0.006826826,0.057180258,0.023005118,0.0000179
11.1,0.257966502,-0.017635773,-1.282460582,-1.282460582,0.377203814,-0.011664858,-0.213318774,0.264558742,-0.006972464,-0.167806416,0.026559283,3.11E-20
11.2,0.29792852,-0.018837627,-1.30544387,-1.30544387,0.421655183,-0.012373966,-0.246363691,0.282554237,-0.006984326,-0.184070691,0.030319111,2.71E-28
11.3,0.341959341,-0.020106539,-1.325689903,-1.325689903,0.458554095,-0.013011966,-0.158573776,0.291197724,-0.006923894,-0.077873707,0.032715077,-3.08E-21
11.4,0.389726709,-0.021445793,-1.341630357,-1.341630357,0.496287404,-0.013776361,-0.160254723,0.299811261,-0.006995899,-0.071767284,0.033541468,0.65784198
11.5,0.441096293,-0.022858041,-1.357363891,-1.357363891,0.530549798,-0.014422077,-0.154435467,0.304092529,-0.006942025,-0.058771299,0.033080386,0.85331785
11.6,0.495669002,-0.024315183,-1.370879172,-1.370879172,0.560335507,-0.014640105,-0.115888154,0.303468986,-0.006465851,-0.014346856,0.0318598,1.094631415
11.7,0.553070274,-0.025768205,-1.3813454,-1.3813454,0.58709148,-0.014313551,-0.093453059,0.29987806,-0.005492711,0.009522924,0.030278263,1.174660308
11.8,0.613009821,-0.02715055,-1.391331087,-1.391331087,0.611067352,-0.013179007,-0.106275751,0.293866126,-0.003808896,-0.00425206,0.028686139,1.207253318
11.9,0.675127738,-0.02837273,-1.401206084,-1.401206084,0.630677706,-0.011094464,-0.091236277,0.284089867,-0.001343464,0.01121262,0.027811289,1.075524989
12,0.739010392,-0.029337817,-1.408790555,-1.408790555,0.646387109,-0.008038476,-0.060462334,0.271390283,0.001846871,0.040865301,0.028425247,1.004962905
12.1,0.804275612,-0.029950986,-1.412252645,-1.412252645,0.658365433,-0.004064288,-0.00878589,0.256229579,0.005636371,0.088455215,0.030927314,1.02311034
12.2,0.870598765,-0.030108155,-1.412831431,-1.412831431,0.66755109,0.001076485,-0.002794163,0.239792278,0.010213508,0.085601421,0.035145621,0.984608266
12.3,0.937706814,-0.029676905,-1.416874248,-1.416874248,0.674045728,0.007790265,-0.078064102,0.222307688,0.015905937,0.001771339,0.041174271,0.981883525
12.4,1.005281434,-0.028524715,-1.42399201,-1.42399201,0.676953543,0.015537744,-0.064290355,0.202984735,0.022062822,0.015367952,0.049640819,1.026440062
12.5,1.073002111,-0.026521848,-1.428946282,-1.428946282,0.677013302,0.024781412,-0.034792576,0.18274602,0.029100208,0.043328936,0.06094364,1.022156194
12.6,1.140597638,-0.023511184,-1.43154208,-1.43154208,0.674485587,0.035679052,-0.017119508,0.161943703,0.037087827,0.05666911,0.07538401,0.949250944
12.7,1.207810864,-0.019312618,-1.434460496,-1.434460496,0.669389426,0.048524081,-0.041243879,0.140653172,0.046224073,0.026877828,0.092953978,0.972688535
12.8,1.274413878,-0.01378716,-1.438045941,-1.438045941,0.662335239,0.062181686,-0.030459819,0.119533668,0.055259271,0.034974106,0.11334318,0.980460714
12.9,1.340175314,-0.006763245,-1.444889985,-1.444889985,0.652553745,0.078701654,-0.106411552,0.097798807,0.066253312,-0.044475037,0.138006781,1.245620255
13,1.40489783,0.001992321,-1.455553205,-1.455553205,0.641588125,0.096894816,-0.106840415,0.077053306,0.077821142,-0.040456397,0.168404904,1.270376178
13.1,1.468454932,0.012662003,-1.464556684,-1.464556684,0.629276454,0.116820155,-0.073218813,0.057036304,0.089964368,-0.002789156,0.203856151,1.224195599
13.2,1.530693653,0.025416583,-1.470622095,-1.470622095,0.615239343,0.13846196,-0.048081314,0.037295563,0.102609736,0.022627259,0.243109616,1.164925296
13.3,1.591438762,0.040401904,-1.475094196,-1.475094196,0.599425998,0.16131894,-0.041355112,0.017752662,0.115205742,0.027090735,0.284870547,1.048266741
13.4,1.650544858,0.057671087,-1.47831922,-1.47831922,0.582496619,0.18403705,-0.023142513,-0.000951983,0.126403278,0.042594261,0.327997246,1.009090637
13.5,1.707928888,0.077161222,-1.47827355,-1.47827355,0.565026703,0.205657146,0.02405634,-0.018326701,0.135383046,0.085533687,0.371516107,1.036734121
13.6,1.763502887,0.098792714,-1.474720093,-1.474720093,0.546413572,0.22662784,0.047006059,-0.035107162,0.142815436,0.099930038,0.413242286,1.053686552
13.7,1.817214522,0.122397127,-1.469227454,-1.469227454,0.527912135,0.244945442,0.062835156,-0.050097883,0.146851494,0.105766132,0.451033172,1.052460389
13.8,1.869106333,0.147685171,-1.462224508,-1.462224508,0.510052362,0.260352478,0.077213996,-0.062947867,0.14757338,0.109568358,0.484502516,1.051814617
13.9,1.919251167,0.174382082,-1.453914995,-1.453914995,0.492999379,0.273174108,0.088968085,-0.073706064,0.145637672,0.110365611,0.513843907,1.051613584
14,1.967765658,0.202228021,-1.442562195,-1.442562195,0.477358227,0.283521412,0.13808429,-0.081976609,0.14142121,0.148445256,0.540649158,1.056381864
14.1,2.014697555,0.231078331,-1.427828774,-1.427828774,0.461273287,0.293382915,0.156583192,-0.089863888,0.137140591,0.152099631,0.566531399,1.053477008
14.2,2.059989068,0.260901792,-1.413316495,-1.413316495,0.444596017,0.302972189,0.13366065,-0.09755477,0.133015807,0.113967126,0.591836882,1.051877465
14.3,2.103652449,0.291639911,-1.399629486,-1.399629486,0.42874397,0.311715327,0.140077688,-0.103651339,0.128457363,0.108987452,0.616759023,1.051458064
14.4,2.145747777,0.323237419,-1.385747037,-1.385747037,0.413258908,0.320188224,0.137569364,-0.108771268,0.124084525,0.095580382,0.641384721,0.354467874
14.5,2.186325554,0.35566905,-1.372102096,-1.372102096,0.398410614,0.328403484,0.135327402,-0.112742435,0.119891332,0.083780382,0.665766058,0.119567584
14.6,2.225454105,0.38891069,-1.358704683,-1.358704683,0.384292941,0.336401208,0.132618732,-0.115585864,0.115899922,0.072693674,0.689904456,0.040257183
14.7,2.263211162,0.422946563,-1.34567637,-1.34567637,0.370997723,0.344303033,0.127945399,-0.117322496,0.112211756,0.060750974,0.713798783,0.013786802
14.8,2.299683313,0.457769428,-1.33323984,-1.33323984,0.358608576,0.352134081,0.120783,-0.117979393,0.108821628,0.047513477,0.737354175,0.004969265
14.9,2.33496834,0.493366439,-1.32140158,-1.32140158,0.347269399,0.359762944,0.115979827,-0.117520631,0.105568328,0.037958957,0.760300825,0.002031548
15,2.369174058,0.529710403,-1.310069482,-1.310069482,0.337039673,0.367039473,0.110659553,-0.115998294,0.102288024,0.028842787,0.782218609,0.001018932
15.1,2.402416378,0.566755704,-1.299356754,-1.299356754,0.328022194,0.373749955,0.103592251,-0.113415944,0.098769703,0.018891206,0.802590434,0.000600475
15.2,2.434824436,0.604432449,-1.28927409,-1.28927409,0.320376432,0.379626874,0.098058241,-0.109720111,0.094769653,0.011468076,0.820850816,0.000456683
15.3,2.466540694,0.642645858,-1.279860816,-1.279860816,0.31420955,0.384440989,0.09020465,-0.104914983,0.090106803,0.002467677,0.836453288,0.000402058
15.4,2.497721161,0.681276144,-1.271142283,-1.271142283,0.309681498,0.38792472,0.084163864,-0.098951536,0.084579853,-0.003819877,0.848878419,0.000334727
15.5,2.528535816,0.720178659,-1.262844477,-1.262844477,0.306910164,0.389850654,0.081790877,-0.091827716,0.078047802,-0.005810876,0.857602146,0.000245164
15.6,2.559163484,0.759188417,-1.255485153,-1.255485153,0.30596007,0.390034274,0.06539524,-0.083595039,0.070426642,-0.021625425,0.862115315,0.000179158
15.7,2.589802118,0.7981119,-1.247322491,-1.247322491,0.30735151,0.387869468,0.097860204,-0.073844095,0.061219171,0.013002082,0.859464171,1.043414347
15.8,2.62079081,0.836591591,-1.239550304,-1.239550304,0.313178744,0.380904804,0.057593401,-0.060632451,0.04813259,-0.02856493,0.846773933,1.393717027
15.9,2.652562645,0.874155507,-1.234497146,-1.234497146,0.322851241,0.369691835,0.043483168,-0.044896709,0.032106362,-0.03981867,0.824491743,1.511140829
16,2.685462656,0.910405904,-1.230656937,-1.230656937,0.335594713,0.354724244,0.033335656,-0.027663566,0.013928135,-0.045984315,0.793948069,1.550697716
16.1,2.719751606,0.944996365,-1.227465228,-1.227465228,0.350496163,0.336581092,0.030512536,-0.00999576,-0.005607831,-0.044209003,0.756596423,1.564024541
16.2,2.755616283,0.977625626,-1.224773985,-1.224773985,0.366994457,0.315580849,0.023324589,0.00750211,-0.02604729,-0.04697605,0.713825192,1.568515221
16.3,2.793175326,1.008038955,-1.222606165,-1.222606165,0.384271612,0.292324616,0.020041848,0.024029054,-0.046698795,-0.045561186,0.666744852,1.570027747
16.4,2.832475098,1.036025932,-1.220656225,-1.220656225,0.401704487,0.267100254,0.018964689,0.039059024,-0.067253277,-0.042082226,0.616115799,1.570537764
16.5,2.873502935,1.06139954,-1.218828171,-1.218828171,0.41873832,0.240093882,0.01760205,0.052186954,-0.087534322,-0.039236643,0.562406896,1.570709046
16.6,2.91619106,1.083992924,-1.217115828,-1.217115828,0.434826818,0.21152764,0.016648743,0.063056757,-0.107347131,-0.036266285,0.505875706,1.570766992
16.7,2.960455781,1.103591325,-1.21807477,-1.21807477,0.450091154,0.180423405,-0.035832613,0.072015418,-0.127716653,-0.085121013,0.448687255,0.598009607
16.8,3.006036351,1.120297981,-1.217834972,-1.217834972,0.461110755,0.153871716,0.040618816,0.075833477,-0.141496677,-0.000157483,0.393833546,0.205248332
16.9,3.052653362,1.13423982,-1.215299567,-1.215299567,0.470816222,0.125086439,0.010081854,0.077955596,-0.156132286,-0.030678696,0.341528777,0.070313492
17,3.100110433,1.145371366,-1.214449758,-1.214449758,0.47795478,0.097593267,0.006910275,0.077298594,-0.16801223,-0.030782406,0.290730953,0.04798419
17.1,3.148171299,1.153762133,-1.213852307,-1.213852307,0.482905313,0.070193902,0.005037744,0.074519268,-0.178610372,-0.029576696,0.240532067,0.095475385
17.2,3.196620163,1.159400848,-1.213369166,-1.213369166,0.485714954,0.042510674,0.004626006,0.069876982,-0.188432563,-0.027030765,0.189969348,0.156393124
17.3,3.245244586,1.162186182,-1.215149922,-1.215149922,0.486396465,0.013120979,-0.040239219,0.063570795,-0.198979001,-0.069192913,0.137873056,0.248874341
17.4,3.293835535,1.162291196,-1.211741748,-1.211741748,0.485118694,-0.011077983,0.108404837,0.055935945,-0.203280064,0.086370435,0.08284826,0.44269826
17.5,3.342152547,1.159476386,-1.209904743,-1.209904743,0.480797604,-0.045285559,-0.07166119,0.04602126,-0.217159632,-0.102332636,0.024348376,0.417469693
17.6,3.389985422,1.153622924,-1.21262784,-1.21262784,0.475549112,-0.071807835,0.017201812,0.036170642,-0.221965946,-0.00323637,-0.037567065,0.768449853
17.7,3.437168186,1.144976988,-1.211019146,-1.211019146,0.467779408,-0.101116443,0.014974796,0.024783874,-0.229077959,-0.005139749,-0.102718925,0.887410636
17.8,3.483473424,1.133392778,-1.209589015,-1.209589015,0.457944741,-0.130716267,0.013636128,0.012470819,-0.235769987,-0.005964442,-0.171994199,1.002149142
17.9,3.528673268,1.118791707,-1.208344529,-1.208344529,0.445654859,-0.161384233,0.011261022,-0.001066145,-0.242860955,-0.007743105,-0.244981329,0.974716709
18,3.572535287,1.101133412,-1.207285633,-1.207285633,0.431261117,-0.191640993,0.009917305,-0.015353272,-0.248831619,-0.008312511,-0.319561031,0.956842434
18.1,3.614863085,1.080494655,-1.206352076,-1.206352076,0.414995352,-0.22096428,0.008753728,-0.03008371,-0.253271744,-0.008644837,-0.394756871,0.950302657
18.2,3.655477725,1.056978088,-1.205527101,-1.205527101,0.397031623,-0.249162768,0.007744763,-0.045039067,-0.256143058,-0.008789318,-0.469946166,0.947757375
18.3,3.694220649,1.030706909,-1.204796118,-1.204796118,0.377606871,-0.276017417,0.0068726,-0.059959914,-0.257383401,-0.008782549,-0.544588627,1.043201487
18.4,3.73095641,1.001822461,-1.204078451,-1.204078451,0.356827337,-0.301522385,0.007482809,-0.074743456,-0.257150028,-0.007294085,-0.619476775,0.920173908
18.5,3.765514882,0.970416814,-1.203392828,-1.203392828,0.333998143,-0.326488348,0.006235045,-0.090098305,-0.256400989,-0.007812441,-0.695484754,0.873518476
18.6,3.797695597,0.936556392,-1.202822338,-1.202822338,0.309356621,-0.350512956,0.005176215,-0.105729996,-0.254785498,-0.008090027,-0.771854415,0.857181794
18.7,3.827344003,0.900364569,-1.202348838,-1.202348838,0.283447709,-0.373034569,0.004291479,-0.121065908,-0.251828562,-0.00816576,-0.847346157,0.851774369
18.8,3.85436268,0.862013735,-1.20195437,-1.20195437,0.256862162,-0.393636164,0.003592335,-0.135544864,-0.2472473,-0.008048328,-0.920646504,0.850094648
18.9,3.878714015,0.821710514,-1.201621662,-1.201621662,0.230200064,-0.412049487,0.003053751,-0.148652476,-0.240935893,-0.00778208,-0.990581571,0.849696195
19,3.900435518,0.779690633,-1.201261238,-1.201261238,0.204639485,-0.427802114,0.004135377,-0.159347807,-0.23259493,-0.005922246,-1.053204893,0.879663839
19.1,3.919742621,0.736259253,-1.202170545,-1.202170545,0.182270114,-0.440189817,-0.022346402,-0.165782397,-0.22172314,-0.0318118,-1.104796419,0.861498611
19.2,3.937105882,0.691799668,-1.20220698,-1.20220698,0.165670415,-0.44853674,0.021601572,-0.165803857,-0.207897749,0.015317354,-1.145565756,0.854977036
19.3,3.952973923,0.646619072,-1.199948585,-1.199948585,0.152312359,-0.454706122,0.023555499,-0.162581528,-0.193277357,0.015739546,-1.17675534,0.852600933
19.4,3.967675385,0.600919133,-1.198332707,-1.198332707,0.142266223,-0.459005198,0.008755267,-0.15636951,-0.178248697,-0.000634641,-1.199716727,0.851678449
19.5,3.981533687,0.554870264,-1.19759408,-1.19759408,0.135364524,-0.461756487,0.0060134,-0.147634258,-0.163175117,-0.003313044,-1.215921784,0.759816231
19.6,3.99482383,0.508601248,-1.199076372,-1.199076372,0.130836735,-0.463462221,-0.035661294,-0.137398621,-0.148563339,-0.044656433,-1.226651057,0.728927335
19.7,4.007778055,0.462206767,-1.202258107,-1.202258107,0.128534834,-0.46432889,-0.027974179,-0.125960661,-0.134573674,-0.032503675,-1.232975269,0.718782786
19.8,4.020578849,0.415750274,-1.204549048,-1.204549048,0.127678727,-0.464747431,-0.017844829,-0.114220702,-0.121534847,-0.019123958,-1.236116267,0.700189358
19.9,4.03334608,0.369264562,-1.20561926,-1.20561926,0.127794508,-0.464947895,-0.003559397,-0.10268285,-0.109581827,-0.00292613,-1.237001062,0.665264987
20,4.04615814,0.322761165,-1.206148426,-1.206148426,0.128518288,-0.4651305,-0.007023883,-0.091690785,-0.098806249,-0.006098003,-1.236475651,0.514007962
20.1,4.05905444,0.276235589,-1.202469365,-1.202469365,0.129432719,-0.465405364,0.080605144,-0.081607276,-0.089200488,0.082140824,-1.235312662,0.422900015
20.2,4.072053533,0.229671003,-1.196830216,-1.196830216,0.130528442,-0.465930135,0.032177843,-0.072350826,-0.08080521,0.025499441,-1.234223304,0.143463022
20.3,4.08515128,0.183039075,-1.196444856,-1.196444856,0.131371186,-0.466757839,-0.024470653,-0.064272998,-0.073552393,-0.033698999,-1.233908579,0.048352133
20.4,4.098313339,0.136316689,-1.195937034,-1.195937034,0.131817824,-0.467722344,0.034627106,-0.057399061,-0.067161658,0.028768659,-1.234859352,0.016297864
20.5,4.111505136,0.089484796,-1.193343704,-1.193343704,0.131965898,-0.468935877,0.017239502,-0.051511081,-0.061659026,0.00850419,-1.237344421,0.00554381
20.6,4.124697329,0.04252885,-1.191061112,-1.191061112,0.131835712,-0.47018901,0.028412352,-0.046490159,-0.056746257,0.018826621,-1.241308565,0.001853121
20.7,4.137863396,-0.004557379,-1.191026773,-1.191026773,0.131451702,-0.471528162,-0.027725562,-0.042225153,-0.052410783,-0.039193955,-1.246230654,0.000671336
20.8,4.150985562,-0.051768502,-1.192441951,-1.192441951,0.130992236,-0.472670783,-0.000578025,-0.038462103,-0.048312326,-0.008127022,-1.251314346,0.000685132
20.9,4.164065353,-0.09908692,-1.192807765,-1.192807765,0.130639942,-0.473658302,-0.006738316,-0.034968187,-0.044468612,-0.013474612,-1.255644579,0.0002521
21,4.177126859,-0.146490214,-1.194380393,-1.194380393,0.130725977,-0.474327393,-0.024714278,-0.031385333,-0.040690841,-0.030103112,-1.257503269,0.007674895
21.1,4.190248779,-0.193931801,-1.195818018,-1.195818018,0.131926424,-0.474413661,-0.004037964,-0.027046353,-0.036708025,-0.006416487,-1.255582542,0.002371335
21.2,4.203558564,-0.241357827,-1.196803624,-1.196803624,0.134487193,-0.47404482,-0.015673575,-0.021780949,-0.032668382,-0.01741045,-1.249844973,0.000776046
21.3,4.217176157,-0.288732498,-1.195371201,-1.195371201,0.138062789,-0.4734043,0.044322837,-0.016027257,-0.028761024,0.044327007,-1.240736401,0.00031835
21.4,4.231226964,-0.336027229,-1.19134623,-1.19134623,0.143155618,-0.472448408,0.036177671,-0.009331703,-0.024929029,0.031749141,-1.228798489,0.000255645
21.5,4.245845209,-0.383214166,-1.188013208,-1.188013208,0.149393678,-0.471247944,0.030483976,-0.002160473,-0.021235663,0.022880531,-1.214455627,0.000186939
21.6,4.261153218,-0.430265013,-1.186929224,-1.186929224,0.156943426,-0.469713159,-0.008802903,0.005605322,-0.017577311,-0.0186944,-1.19819948,0.000113193
21.7,4.27726151,-0.477145056,-1.188927031,-1.188927031,0.165391144,-0.467808475,-0.03115167,0.013492508,-0.013914896,-0.039173727,-1.180492461,0.0000567
21.8,4.294239325,-0.52381449,-1.19038523,-1.19038523,0.174321602,-0.465480343,0.001989421,0.021073715,-0.010195274,-0.002115263,-1.161568431,0.0000465
21.9,4.312170402,-0.570213859,-1.189749804,-1.189749804,0.184481273,-0.462352288,0.01072149,0.029126015,-0.006047692,0.006828332,-1.141697407,0.001006385
22,4.331194034,-0.616239984,-1.189834474,-1.189834474,0.19621194,-0.457945435,-0.012411317,0.03794408,-0.00103607,-0.016987309,-1.120990099,0.246646458
22.1,4.351405885,-0.661776946,-1.188138371,-1.188138371,0.208236448,-0.452554954,0.046337516,0.04617418,0.004458018,0.043460255,-1.099110896,0.327482439
22.2,4.373035899,-0.706623649,-1.191430675,-1.191430675,0.22458875,-0.444076146,-0.112178103,0.057909065,0.012491024,-0.119401389,-1.075530161,0.401100687
22.3,4.396059011,-0.750707405,-1.190605202,-1.190605202,0.235999496,-0.437404917,0.128691241,0.063528903,0.017913151,0.133408094,-1.050080325,0.407666086
22.4,4.420662988,-0.793810118,-1.190340384,-1.190340384,0.256298514,-0.424312288,-0.123387689,0.077475032,0.029214465,-0.132011645,-1.022345215,0.89908348
22.5,4.446977277,-0.835767732,-1.193210393,-1.193210393,0.270079667,-0.414650582,0.065991414,0.083508682,0.035954724,0.070568622,-0.99221652,0.821629105
22.6,4.474970593,-0.876497898,-1.192964119,-1.192964119,0.289822193,-0.399744413,-0.061062504,0.094900339,0.047265421,-0.063542159,-0.960431694,0.708796977
22.7,4.504723294,-0.915853731,-1.193052705,-1.193052705,0.305236208,-0.387210547,0.059293234,0.10082432,0.055072745,0.063167795,-0.927045675,0.482197668
22.8,4.536223408,-0.953728012,-1.192565333,-1.192565333,0.324763648,-0.370049245,-0.049542282,0.110269328,0.066726772,-0.0519845,-0.891673093,0.523698262
22.9,4.569508305,-0.989973177,-1.193709171,-1.193709171,0.340907309,-0.354676137,0.026668062,0.115386056,0.075427203,0.029424294,-0.854099743,0.424684512
23,4.604489978,-1.024534532,-1.192495765,-1.192495765,0.35869006,-0.336337515,-0.002396699,0.121630202,0.086223104,-0.002582896,-0.814340844,0.426535204
23.1,4.641178522,-1.057261122,-1.190674355,-1.190674355,0.375030426,-0.317979362,0.038828207,0.125807548,0.095958948,0.038900299,-0.772566853,0.353898864
23.2,4.67951761,-1.088046029,-1.186902054,-1.186902054,0.391652187,-0.297522309,0.036620238,0.129848554,0.106820105,0.0328023,-0.729022641,0.315496648
23.3,4.719488864,-1.116724429,-1.183464429,-1.183464429,0.407658369,-0.275846466,0.032134771,0.132869881,0.117813938,0.025036603,-0.683716942,0.346699391
23.4,4.761018018,-1.143185121,-1.180006372,-1.180006372,0.422794331,-0.253167264,0.037028996,0.134718854,0.128711746,0.027427168,-0.636638489,0.398959643
23.5,4.804021139,-1.167315797,-1.176218714,-1.176218714,0.437109367,-0.229266992,0.038726229,0.135562005,0.139740843,0.026381684,-0.587814179,0.460576411
23.6,4.848405963,-1.18900492,-1.172287195,-1.172287195,0.450402567,-0.204366088,0.039905446,0.135299004,0.150667664,0.024922732,-0.537256968,0.526100004
23.7,4.89406324,-1.208160312,-1.168318817,-1.168318817,0.462533057,-0.178625985,0.039462552,0.133899594,0.161341,0.021987565,-0.485225981,0.593718003
23.8,4.940871505,-1.224703011,-1.164662226,-1.164662226,0.473402823,-0.15213971,0.033669116,0.131379401,0.171693175,0.013995373,-0.431903748,0.662625743
23.9,4.988694777,-1.238577955,-1.161396415,-1.161396415,0.482821178,-0.125295366,0.031646534,0.127659816,0.181368201,0.010573254,-0.377518808,0.73425682
24,5.037389486,-1.249741692,-1.158712308,-1.158712308,0.490819421,-0.097943181,0.022034545,0.122892077,0.190583567,-0.0000961,-0.32250617,0.805589602
24.1,5.086807126,-1.258162978,-1.1569686,-1.1569686,0.497274129,-0.070479599,0.012838011,0.117057578,0.198988791,-0.009282989,-0.267213371,0.877607277
24.2,5.136791514,-1.263845219,-1.155975607,-1.155975607,0.502156664,-0.043193022,0.007019811,0.110234354,0.20637649,-0.01417289,-0.21183558,0.95796052
24.3,5.187185871,-1.266821782,-1.15508968,-1.15508968,0.505480815,-0.016374999,0.01069686,0.10253507,0.212556864,-0.009078552,-0.156274075,1.048657118
24.4,5.237844561,-1.267039777,-1.15670791,-1.15670791,0.507436769,0.012163188,-0.043057846,0.094237517,0.219839364,-0.061925403,-0.09923612,1.375074602
24.5,5.288618224,-1.264421255,-1.160681534,-1.160681534,0.507767635,0.040470214,-0.036407083,0.085144632,0.226162454,-0.049082099,-0.039629379,1.504866124
24.6,5.339340287,-1.258894618,-1.164277819,-1.164277819,0.506369361,0.070226029,-0.035513211,0.075231894,0.233302023,-0.043280017,0.022176607,1.435872669
24.7,5.389829489,-1.250355999,-1.167686674,-1.167686674,0.503094168,0.100614401,-0.032660716,0.064433512,0.240360193,-0.036099521,0.08543549,1.480928585
24.8,5.439893964,-1.23876327,-1.17092928,-1.17092928,0.497871669,0.131223277,-0.032190196,0.052767662,0.24693305,-0.032019048,0.149381488,1.347566807
24.9,5.489339603,-1.224121487,-1.174149807,-1.174149807,0.490726906,0.161521732,-0.032220871,0.040346132,0.2525382,-0.028847819,0.213326857,1.237604846
25,5.537978022,-1.206482468,-1.177415435,-1.177415435,0.481747626,0.191104134,-0.033093653,0.027332239,0.256866782,-0.026835818,0.276674983,1.086245631
25.1,5.585642133,-1.185960816,-1.180252074,-1.180252074,0.471346691,0.218952154,-0.023647895,0.01419808,0.259028124,-0.014706479,0.337590687,1.042369304
25.2,5.632222575,-1.162786273,-1.182470003,-1.182470003,0.460200864,0.243994066,-0.02072393,0.001632446,0.258167223,-0.010311866,0.394186899,1.02156529
25.3,5.6776743,-1.137265328,-1.184412959,-1.184412959,0.448814259,0.265932825,-0.018145996,-0.009917404,0.254289259,-0.006702746,0.446210717,1.014077944
25.4,5.72198479,-1.109692649,-1.186115131,-1.186115131,0.437408662,0.285079557,-0.015906232,-0.020331261,0.248007066,-0.003792707,0.493926187,1.011488008
25.5,5.765161167,-1.080332621,-1.187607231,-1.187607231,0.426157157,0.301727193,-0.013942912,-0.02954964,0.239853996,-0.001450117,0.537719516,1.01056594
25.6,5.8072294,-1.049427579,-1.189011554,-1.189011554,0.415360696,0.315870225,-0.014152452,-0.037391137,0.230011627,-0.001514645,0.576680087,1.015235061
25.7,5.848282869,-1.017278615,-1.190157589,-1.190157589,0.405964705,0.326543087,-0.00877693,-0.043048014,0.217683327,0.004012341,0.609755153,1.012693489
25.8,5.888472227,-0.984220817,-1.190728606,-1.190728606,0.398060176,0.334159248,-0.002648885,-0.046647741,0.203531156,0.009739153,0.637333877,0.983343777
25.9,5.927938326,-0.950526415,-1.190919586,-1.190919586,0.391473639,0.339367195,-0.001174078,-0.048569505,0.188385987,0.010240044,0.660165339,0.97343854
26,5.966805506,-0.916411192,-1.191059516,-1.191059516,0.386048654,0.342652687,-0.00162646,-0.049137539,0.17283288,0.008763658,0.679051675,0.970059075
26.1,6.005180199,-0.882046263,-1.191233318,-1.191233318,0.381586908,0.344423475,-0.001850622,-0.048685531,0.157320381,0.00766313,0.694706344,0.964376438
26.2,6.043147554,-0.847565836,-1.191387765,-1.191387765,0.377863497,0.345011587,-0.001238829,-0.047540389,0.142176454,0.00750861,0.707725915,0.325454836
26.3,6.080769744,-0.813074683,-1.191475003,-1.191475003,0.374645444,0.34467465,-0.000506092,-0.046004403,0.127621872,0.007490486,0.7186018,0.109967169
26.4,6.118085922,-0.778655431,-1.191487817,-1.191487817,0.371706226,0.343599813,0.000249846,-0.044343181,0.113784847,0.007497376,0.727732096,0.037232677
26.5,6.155113054,-0.744374836,-1.191424731,-1.191424731,0.368829625,0.34191976,0.00101206,-0.042785464,0.100726309,0.007509852,0.735433542,0.012638196
26.6,6.191847186,-0.710288636,-1.19128991,-1.19128991,0.365814133,0.339723693,0.001684658,-0.041522409,0.088457612,0.007431464,0.741964143,0.004291174
26.7,6.228265128,-0.676445438,-1.191091749,-1.191091749,0.362477094,0.337066418,0.00227898,-0.040707207,0.076954576,0.007282641,0.747543832,0.001438006
26.8,6.264326747,-0.642889606,-1.190779263,-1.190779263,0.358663823,0.333978911,0.00397132,-0.040449757,0.066171611,0.008246717,0.752329671,0.520380905
26.9,6.299977664,-0.609663829,-1.190273537,-1.190273537,0.354243163,0.330465089,0.006143959,-0.040825442,0.056040628,0.009594683,0.756429142,0.743228784
27,6.335150728,-0.576811473,-1.18966515,-1.18966515,0.3490896,0.326508749,0.006024767,-0.041896461,0.046480225,0.008516024,0.759937495,0.865164112
27.1,6.369768306,-0.544377122,-1.189103087,-1.189103087,0.343120737,0.322102483,0.005217693,-0.043675678,0.037425936,0.006857347,0.76292289,0.951988404
27.2,6.40374255,-0.512410043,-1.189234505,-1.189234505,0.336233602,0.31714672,-0.007844689,-0.046195245,0.02872758,-0.00689077,0.763209785,1.014580601
27.3,6.43699701,-0.480964225,-1.189920992,-1.189920992,0.328739983,0.311665372,-0.005883595,-0.04906934,0.020373474,-0.004240599,0.758074071,1.079870385
27.4,6.469466547,-0.45009735,-1.190394793,-1.190394793,0.320524181,0.305573743,-0.003590748,-0.052378207,0.012244497,-0.001523692,0.747067419,1.332353802
27.5,6.501075512,-0.419868339,-1.190642907,-1.190642907,0.311521573,0.298914631,-0.001369677,-0.056142995,0.004360936,0.000849748,0.730554034,1.428815954
27.6,6.531747003,-0.390329066,-1.190275257,-1.190275257,0.301756403,0.291794373,0.00872477,-0.060293866,-0.003195416,0.010859221,0.712716004,1.364122482
27.7,6.561388201,-0.361526746,-1.189430307,-1.189430307,0.290902499,0.284190039,0.008176525,-0.065118382,-0.010480209,0.009225053,0.698408295,1.38021916
27.8,6.589900112,-0.333499947,-1.188273854,-1.188273854,0.279183321,0.276292578,0.014954816,-0.070325722,-0.017329648,0.015080839,0.689068287,1.409422876
27.9,6.617189927,-0.306281572,-1.186882122,-1.186882122,0.266474678,0.268028702,0.012881994,-0.076001793,-0.02386056,0.011499933,0.684881646,1.488274381
28,6.643167223,-0.279905723,-1.185924702,-1.185924702,0.252968911,0.259433826,0.006268275,-0.081907381,-0.030069379,0.003736221,0.680991534,1.542982225
28.1,6.667771877,-0.254403972,-1.185313515,-1.185313515,0.239055263,0.250542913,0.005956963,-0.087630291,-0.035953355,0.003051286,0.672107439,1.561421541
28.2,6.690966682,-0.229807622,-1.184704995,-1.184704995,0.224792628,0.241334701,0.006214619,-0.093129897,-0.041566231,0.003003814,0.656785515,1.567636114
28.3,6.712723338,-0.20614593,-1.184059223,-1.184059223,0.210314135,0.231858949,0.006701595,-0.0982954,-0.04688536,0.003190409,0.634638005,1.569731089
28.4,6.733030601,-0.183439462,-1.183024301,-1.183024301,0.195813682,0.222241624,0.013997389,-0.102966313,-0.051814149,0.010167162,0.607267319,1.570437239
28.5,6.75186129,-0.161710258,-1.182332354,-1.182332354,0.18067769,0.21237803,-0.000156943,-0.107805674,-0.056496328,-0.005003887,0.583583804,0.530758997
28.6,6.769137998,-0.140940625,-1.182421754,-1.182421754,0.164666292,0.203129044,-0.001629024,-0.113036504,-0.060095681,-0.005975579,0.573419751,0
