has_window,loc_secondary,loc_primary,loc_z,window_size_secondary,window_size_primary,window_size_z,min_primary,max_primary,min_z,max_z,wall_direction
TRUE,2,-0.47,1.5,1,0.3,0.75,-2.68,2.68,0,3,y
FALSE,-2.43,999,999,0.5,999,999,1.5,11.5,0,3,x
FALSE,2.43,999,999,0.5,999,999,1.5,8.6,0,3,x
FALSE,5.3,999,999,1.6,999,999,-1.72,1.78,0,3,y
TRUE,8.1,-0.52,2,1,0.6,0.5,-2.68,2.68,0,3,y
FALSE,10.75,999,999,1.5,999,999,-2.68,4.78,0,3,y
FALSE,9.1,999,999,1,999,999,-0.22,6.78,0,3,y
FALSE,11.25,999,999,0.49,999,999,4.78,7.28,0,3,y
FALSE,7.03,999,999,0.5,999,999,8.6,11.5,0,3,x
